Model,Features,MAE,RMSE,Naive MAE,Gain,R2,N test
Fresh 25-feature EC balance 24h,25,0.18188785939132524,0.47000122209406664,0.24673468354430375,0.06484682415297852,0.8418333291927979,79
