experiment,prior_n,prior_weight,prior_min_ec,prior_max_ec,mae,rmse,naive_mae,r2,sep21_0720_pred,sep21_0720_true,runtime_s,gain_mae,sep21_0720_abs_err
synth96_w1_ec3to48,96,1.0,3.0,4.8,0.21195585561516894,0.3933416841356057,0.24989794871794865,0.8881843950311994,3.311701204622103,4.23,13.61517596244812,0.03794209310277971,0.9182987953778974
synth48_w1_ec3to48,48,1.0,3.0,4.8,0.21283262023624958,0.3890853249079404,0.24989794871794865,0.8905912203977175,3.1863104693312856,4.23,13.067057609558105,0.03706532848169908,1.0436895306687148
synth48_w2_ec3to48,48,2.0,3.0,4.8,0.21824571237183926,0.39232948297122733,0.24989794871794865,0.8887591333060633,3.3797784108827673,4.23,13.126120567321777,0.03165223634610939,0.8502215891172331
synth96_w2_ec3to48,96,2.0,3.0,4.8,0.22141385779391326,0.3957218616446986,0.24989794871794865,0.886827070185663,3.4542293101101493,4.23,13.614637613296509,0.028484090924035393,0.7757706898898511
synth48_w1_ec25to42,48,1.0,2.5,4.2,0.22254335984879697,0.3923684523274257,0.24989794871794865,0.888737033512705,2.6167861330021136,4.23,13.118211030960083,0.02735458886915168,1.6132138669978868
no_synth_shock_xgb,0,1.0,3.0,4.8,0.23426610517145896,0.5214367168045212,0.24989794871794865,0.8034985817568868,0.585316737981746,4.23,12.448429822921753,0.015631843546489693,3.6446832620182543
