experiment,n_features,prior,mae,rmse,naive_mae,r2,sep21_0720_pred,sep21_0720_true,runtime_s,gain_mae,sep21_0720_abs_err
current25|real,25,False,0.18674144925586775,0.4727576118417183,0.24989794871794865,0.8384750808851812,0.6754707576336924,4.23,14.904989957809448,0.0631564994620809,3.554529242366308
spike_event4|real,25,False,0.19346159649250538,0.47610398031444223,0.24989794871794865,0.8361803112232519,0.6395171246613677,4.23,15.228049755096436,0.05643635222544327,3.590482875338633
spike_event6|real,25,False,0.19464369654376235,0.48194414458404566,0.24989794871794865,0.832136649099168,0.6301784144429692,4.23,15.295591831207275,0.05525425217418631,3.5998215855570312
spike_pressure25|real,25,False,0.1948887312689496,0.4784184150961502,0.24989794871794865,0.8345837207196984,0.6552520936819953,4.23,15.270775318145752,0.05500921744899906,3.574747906318005
spike_event5|real,25,False,0.1960741176172295,0.48307232548754586,0.24989794871794865,0.8313498281005948,0.6120015889298919,4.23,15.20979928970337,0.053823831100719144,3.6179984110701087
spike_event6|prior,25,True,0.21270043500785518,0.41659393727664257,0.24989794871794865,0.8745737717305704,3.196133883362945,4.23,16.350443363189697,0.03719751371009347,1.0338661166370553
spike_event5|prior,25,True,0.21270343155827526,0.4152840908952059,0.24989794871794865,0.8753612570937027,3.236774950671846,4.23,16.532981634140015,0.037194517159673396,0.9932250493281543
spike_pressure25|prior,25,True,0.21934007879341266,0.431305777698119,0.24989794871794865,0.8655586007740306,3.2707658100565764,4.23,17.46353054046631,0.03055786992453599,0.959234189943424
spike_event4|prior,25,True,0.2237066149073195,0.4317075886587177,0.24989794871794865,0.8653079888253962,2.4757161074495553,4.23,16.50191307067871,0.026191333810629158,1.7542838925504451
