experiment,n_features,capacity_ml,et_scale,salt_to_ecml,mae,mae_nonzero,rmse,r2,aug22_mae,aug_all_mae,sep21_0720_pred,sep21_0720_err
add10_importance_source|huber2_cfg19|cap4000|et250|alpha4,35,4000,250,4.0,0.1798199158698193,0.18212529940661185,0.45553420359725894,0.8514204694755744,0.30020987171243285,0.2092019857876885,0.7409244402147094,3.489075559785291
top25_from_add10|huber2_cfg19|cap4000|et250|alpha8,25,4000,250,8.0,0.1815085177596738,0.18383555003864396,0.4499283850258152,0.8550548177947412,0.34395576144608975,0.22555172160881987,0.7676043444666348,3.4623956555333657
top25_from_add10|huber2_cfg19|cap4000|et250|alpha4,25,4000,250,4.0,0.1868170018924363,0.18921209166028805,0.45404836317828845,0.8523881484284876,0.3560794975454412,0.23256754150130876,0.770369833835582,3.4596301661644184
top25_from_add10|huber2_cfg19|cap1200|et250|alpha4,25,1200,250,4.0,0.19237167861754856,0.19483798218956844,0.46043128886314044,0.8482087783071136,0.342559137254054,0.2228501320719658,0.7367832671647663,3.493216732835234
top25_from_add10|huber2_cfg19|cap2500|et250|alpha4,25,2500,250,4.0,0.1926082212604974,0.19507755743050376,0.44512171684682783,0.8581352275329729,0.33419005947142966,0.22188875843810085,0.8981434325244141,3.3318565674755862
