name,features,blend,wf_ph_mae,wf_ph_r2,wf_ec_mae,wf_ec_r2,wf_huber,ho_ph_mae,ho_ph_r2,ho_ec_mae,ho_ec_r2,ho_huber,sep21_ec_pred,sep21_ec_true,sep21_ec_err,sep21_ph_pred,sep21_ph_true
current,44,1.0,0.2654467537431321,0.9494931071755421,0.13303107349232982,0.9602639440913019,2,0.38146854945249664,0.8983803406905403,0.31446886961143894,0.6867997394653598,4,2.7593759898483836,4.23,1.4706240101516168,4.671577217781155,4.75
46_add_fert_et0_blend1.00,46,1.0,0.3007064874704592,0.9362936013170925,0.10826949795422523,0.9873042123267181,2,0.365990641153375,0.895025349748199,0.32552305470169196,0.6437960962021119,4,4.12993231608288,4.23,0.1000676839171204,4.990634893353199,4.75
40_safe6_A_blend0.95,40,0.95,0.29393704726636555,0.9352965778455299,0.11010315754196351,0.9860085637963223,2,0.3603083630973332,0.8905862817810593,0.32074108699242865,0.6541324100455532,4,4.292307933988005,4.23,0.06230793398800483,4.82254820401904,4.75
40_safe6_A_blend1.00,40,1.0,0.292649861504944,0.935487875814905,0.11835328859740127,0.9829126733334753,2,0.362203013757327,0.8883069858309401,0.3143858399440302,0.6641147475246809,4,4.768437400006657,4.23,0.5384374000066563,4.761196285469877,4.75
