name,features,blend,wf_ph_mae,wf_ph_r2,wf_ec_mae,wf_ec_r2,wf_huber,ho_ph_mae,ho_ph_r2,ho_ec_mae,ho_ec_r2,ho_huber,sep21_ec_pred,sep21_ec_true,sep21_ph_pred,sep21_ph_true
current,44,1.0,0.2654467537431321,0.9494931071755421,0.13303107349232982,0.9602639440913019,2,0.38146854945249664,0.8983803406905403,0.31446886961143894,0.6867997394653598,4,2.7593759898483836,4.23,4.671577217781155,4.75
add_fert_et0_blend1.00,46,1.0,0.3007064874704592,0.9362936013170925,0.10826949795422523,0.9873042123267181,2,0.365990641153375,0.895025349748199,0.32552305470169196,0.6437960962021119,4,4.12993231608288,4.23,4.990634893353199,4.75
add_fert_et0_blend1.02,46,1.02,0.30000255433688033,0.936383045848111,0.10799752155300608,0.987329258440133,2,0.36668181018139545,0.8942891151318617,0.32297961227785654,0.6466744488498521,4,4.300835281686005,4.23,4.973762530909899,4.75
