name,features,blend,wf_ph_r2,wf_ec_r2,wf_ph_mae,wf_ec_mae,ho_ph_r2,ho_ec_r2,ho_ph_mae,ho_ec_mae,sep21_ec_pred,sep21_ec_err,sep21_ph_pred,sep21_ph_err,removed
ph_priority_A_blend1.00,40,1.0,0.9404805343881609,0.9748286691054737,0.28966504820549566,0.1278183101123495,0.9074007081387286,0.6952701876901632,0.3427056219987567,0.31107694766874217,3.1880865855404292,1.0419134144595712,5.0932342888546485,0.34323428885464846,recent_salt_conc_2h+timing_balance+hrs_since_irr+hrs_since_fert+irr_total_t0_t1+last_event_salt_conc
balanced_I_blend0.95,40,0.95,0.9400795965979831,0.9833025272167919,0.2964218147133728,0.11702772590211145,0.8956135457425772,0.6837666634343046,0.3845151707625772,0.32146806994791255,4.290770173896675,0.060770173896674606,3.9419535065369344,0.8080464934630656,timing_balance+hrs_since_irr+hist_hrs_since_irr+hist48_acid_prevday+last_event_salt_conc+recent_salt_conc_2h
previous_safe6_A_blend0.95,40,0.95,0.9352965778455299,0.9860085637963223,0.29393704726636555,0.11010315754196351,0.8905862817810593,0.6541324100455532,0.3603083630973332,0.32074108699242865,4.292307933988005,0.06230793398800483,4.82254820401904,0.07254820401904016,salt_event_pos+temp_trend+rad_t1_log+h3po4_total+timing_balance+hist48_acid_prevday
