variant,n_features,ph_w52_mae,ph_w52_r2,ec_w52_mae,ec_w52_r2,ec_w30_mae,ec_w30_r2,ph_holdout_mae,ph_holdout_r2,ec_holdout_mae,ec_holdout_r2,aug17_drop_err,aug17_drop_pred,aug17_drop_type,aug17_spike_err,aug17_spike_pred,aug17_spike_type,sep21_0720_err,sep21_0720_pred,sep21_0720_type,sep21_0840_err,sep21_0840_pred,sep21_0840_type,sep21_1530_err,sep21_1530_pred,sep21_1530_type,holdout_sep21_ec_mae
opt_plus_morning_gap,37,0.30014995030091307,0.936520192315348,0.15473244466471933,0.9600811770889178,0.18852269706637367,0.9309193686419979,0.401564420368524,0.8847146615188075,0.30088186759627444,0.721900147211349,0.33001496041289835,1.4750149604128984,base,1.403335017947138,1.2766649820528622,base,0.7604835110859014,4.990483511085902,huber,1.1367975375379462,3.8332024624620535,base,0.44994554256846797,4.319945542568468,base,2.011389936899961
opt_plus_morning_gap_bins,39,0.30311211861896786,0.9415505346828801,0.1517114459090939,0.945940346527717,0.18227961525667516,0.9205133171665331,0.37209831458251574,0.9013038918200388,0.30255149175580204,0.7256107166771184,0.2539591984251852,1.3989591984251852,base,1.481980181095254,1.1980198189047462,base,1.809609673427481,6.039609673427481,huber,0.1777220518258531,4.792277948174147,base,0.6732341001923459,4.543234100192346,base,2.0494820154523077
