variant,n_features,ph_w52_mae,ph_w52_r2,ec_w52_mae,ec_w52_r2,ec_w30_mae,ec_w30_r2,ph_holdout_mae,ph_holdout_r2,ec_holdout_mae,ec_holdout_r2,aug17_drop_err,aug17_drop_pred,aug17_drop_type,aug17_spike_err,aug17_spike_pred,aug17_spike_type,sep21_0720_err,sep21_0720_pred,sep21_0720_type,sep21_0840_err,sep21_0840_pred,sep21_0840_type,sep21_1530_err,sep21_1530_pred,sep21_1530_type,holdout_sep21_ec_mae
replace_t1morning_with_short,36,0.29059078466574917,0.9407745444052241,0.1273625202978634,0.9809411117120136,0.1661542057149791,0.9494108212208777,0.36385739937385236,0.9231317094686762,0.17895744480192596,0.9347927617526502,0.38916107497581054,1.5341610749758106,base,1.4862437502492567,1.1937562497507435,base,0.16289611168249163,4.392896111682492,huber,0.31112307506846104,5.281123075068461,base,0.4501290584705009,4.320129058470501,base,0.8992698786906449
replace_t1morning_with_short_and_loggap,37,0.30700716531775,0.9365122640034765,0.14542060247518762,0.9696462201381065,0.18150940792282141,0.9388617810120083,0.35998874806817427,0.9247891865227593,0.18878082383856645,0.9306645602400123,0.3274973090916091,1.4724973090916091,base,1.402804309678012,1.277195690321988,base,0.07104918882278888,4.301049188822789,huber,0.909881179960923,4.060118820039077,base,0.3793779832964175,4.249377983296418,base,0.9254003070919876
