variant,blend,use_smooth,ph_mae,ph_r2,ec_mae,ec_r2,w30_ec_mae,w30_ec_r2,ho_ec_mae,ho_ec_r2,aug17_drop,aug17_spike,sep21_0720
baseline_blend099,0.99,False,0.3071562569412361,0.9338895593367451,0.13556376729696323,0.9754524352091297,0.17893223113651863,0.9428165544409647,0.3251070572123703,0.6986989506340268,0.6286334655057224,1.3332267095339911,0.12460766558308656
baseline_blend100,1.0,False,0.30763739653832234,0.9337969642335281,0.13407093885111815,0.9756134886417996,0.17785512706799753,0.9429498597125631,0.32456485869043805,0.699835615631855,0.6286334655057224,1.3332267095339911,0.041156845069342474
baseline_blend095,0.95,False,0.3052316985528916,0.9342076955719129,0.14124861675755696,0.9734433328026291,0.1830339579625167,0.941153603595846,0.3272612493745629,0.6941473738145217,0.6286334655057224,1.3332267095339911,0.4421327057691098
smooth_blend099,0.99,True,0.2836670309952615,0.9442156422832091,0.1274551722415201,0.9807725064873408,0.166190544754185,0.9492735556893176,0.2979260007887474,0.7066435520866201,0.38916107497581054,1.4862437502492567,0.12630313461708642
