Target,Warmup,MAE,RMSE,Naive MAE,Gain,Gain %,R2,N test,Holdout MAE,Holdout R2
pH,52,0.3085819535757493,0.40659892072199777,0.8768421052631579,0.5682601516874086,64.80758032449438,0.9346507223575117,57,0.2970892412568204,0.9328436983876581
EC,52,0.12002528856261512,0.16200833511899654,0.19607719298245616,0.07605190441984104,38.78671622285297,0.9836181802478976,57,0.12749984657629665,0.9604876268508838
