Target,Warmup,MAE,RMSE,Naive MAE,Gain,Gain %,R2,N test,Holdout MAE,Holdout R2
pH,52,0.29365324699904066,0.4072265052754284,0.8768421052631579,0.5831888582641171,66.51013389566762,0.9344488337333501,57,0.34221195066664317,0.928481356498951
EC,52,0.11829875586987196,0.1568286589772081,0.19607719298245616,0.0777784371125842,39.66725345743978,0.9846489430503276,57,0.19018496133619248,0.9355299596837734
