Target,Warmup,MAE,RMSE,Naive MAE,Gain,Gain %,R2,N test,Holdout MAE,Holdout R2
pH,52,0.2976433397916287,0.39359077273217913,0.8768421052631579,0.5791987654715292,66.05508129627283,0.9387652195540402,57,0.3165150266961455,0.9363990052879113
EC,52,0.12513885781579712,0.17391896902004747,0.19607719298245616,0.07093833516665904,36.17877943255042,0.9811208981397341,57,0.20517943258668164,0.9236545628110109
