evaluation,regime,n,mae,rmse,r2,naive_mae,gain_vs_naive,mean_true,max_true
pH holdout,all,40,0.3952210424398198,0.5102192165133538,0.8901695840210205,0.8995000000000001,0.5042789575601803,8.496500000000001,10.38
pH holdout,mid_ph_6.5_to_9.5,20,0.38701817035675024,0.4164493291808,0.7599168800482599,0.9269999999999999,0.5399818296432497,8.045,9.39
pH holdout,acidic_ph_le_6.5,4,1.0981196229487058,1.165918696005902,-19.85917568920844,1.0075000000000003,-0.09061962294870551,5.1825,5.4
pH holdout,alkaline_ph_ge_9.5,16,0.22974998741643526,0.3068875463517583,-0.43226728387355284,0.8381250000000001,0.6083750125835649,9.889375,10.38
pH holdout,jump_abs_delta_ge_0.75,24,0.47222669465391826,0.5939316939988175,0.8827140656673558,1.2820833333333332,0.809856638679415,8.37625,10.22
pH holdout,jump_abs_delta_ge_1.0,17,0.35487138341508173,0.4027066609182952,0.916365810582883,1.4605882352941177,1.105716851879036,8.535882352941178,10.06
