evaluation,regime,n,mae,rmse,r2,naive_mae,gain_vs_naive,mean_true,max_true
EC holdout,all,40,0.17895545962802276,0.34114859374549766,0.9347933152849165,0.5569225,0.37796704037197726,0.9996824999999999,4.97
EC holdout,low_ec_true_lt_1,32,0.0817030752213048,0.14762855041229336,0.4142438657549229,0.137309375,0.05560629977869522,0.382040625,0.968
EC holdout,high_ec_true_ge_1,8,0.5679649972548946,0.7033740537475867,0.5681641763383042,2.235375,1.6674100027451053,3.47025,4.97
EC holdout,very_high_ec_true_ge_2,7,0.6117193979073267,0.7454051495835576,0.39801859477173795,2.442285714285714,1.8305663163783876,3.6900000000000004,4.97
EC holdout,shock_abs_delta_ge_0.5,8,0.620233798683992,0.7317723962035325,0.7755134224295219,2.3745,1.7542662013160077,3.0943750000000003,4.97
EC holdout,shock_abs_delta_ge_1.0,5,0.7313774738327352,0.8554490048982039,-1.1804472968551183,3.3752000000000004,2.6438225261672654,4.212000000000001,4.97
