target,evaluation,global_mae,balanced_mae,balanced_minus_global
EC,warmup52,0.13165578886848908,0.23158808905304618,0.0999323001845571
EC,warmup30,0.17075849412389327,0.3003591761983135,0.12960068207442021
EC,holdout,0.29686148192791045,0.8153142853446451,0.5184528034167346
pH,warmup52,0.2930162849486802,0.2893602496219114,-0.0036560353267687806
pH,holdout,0.39195718457505146,0.5414010910761207,0.1494439065010692
