evaluation,regime,n,mae,rmse,r2,naive_mae,gain_vs_naive,mean_true,max_true
EC holdout,all,40,0.29686148192791045,0.7236070655455019,0.7066334815471368,0.5569225,0.26006101807208953,0.9996824999999999,4.97
EC holdout,low_ec_true_lt_1,32,0.08405349265744147,0.14913103726646648,0.4022601479251765,0.137309375,0.05325588234255854,0.382040625,0.968
EC holdout,high_ec_true_ge_1,8,1.1480934390097866,1.5903067821751162,-1.2075360345262385,2.235375,1.0872815609902133,3.47025,4.97
EC holdout,very_high_ec_true_ge_2,7,1.2782335413929562,1.6977456838141811,-2.1227956737916376,2.442285714285714,1.164052172892758,3.6900000000000004,4.97
EC holdout,shock_abs_delta_ge_0.5,8,1.2137959243667074,1.6066162294924256,-0.08208812801029786,2.3745,1.1607040756332925,3.0943750000000003,4.97
EC holdout,shock_abs_delta_ge_1.0,5,1.6850807164497232,2.0016413733564917,-10.937953457321653,3.3752000000000004,1.6901192835502772,4.212000000000001,4.97
