evaluation,regime,n,mae,rmse,r2,naive_mae,gain_vs_naive,mean_true,max_true
EC holdout,all,40,0.29796535157388654,0.7237265575782413,0.7065365840521355,0.5569225,0.25895714842611345,0.9996824999999999,4.97
EC holdout,low_ec_true_lt_1,32,0.08162142737362565,0.1399952171384289,0.4732524411161271,0.137309375,0.05568794762637436,0.382040625,0.968
EC holdout,high_ec_true_ge_1,8,1.1633410483749302,1.5938964857962747,-1.217513158212296,2.235375,1.0720339516250696,3.47025,4.97
EC holdout,very_high_ec_true_ge_2,7,1.2879998989925387,1.7004001484248015,-2.1325684341961937,2.442285714285714,1.1542858152931754,3.6900000000000004,4.97
EC holdout,shock_abs_delta_ge_0.5,8,1.205645524697954,1.604273578218819,-0.07893478380666097,2.3745,1.1688544753020458,3.0943750000000003,4.97
EC holdout,shock_abs_delta_ge_1.0,5,1.6781470010601325,2.0014204842676433,-10.935318801386488,3.3752000000000004,1.697052998939868,4.212000000000001,4.97
