regime,n,mae,rmse,r2,naive_mae,gain_vs_naive,mean_true,max_true
EC warmup30 Aug 14-22,12,0.38779537363149613,0.5505049811894901,0.49012698025918155,0.588985,0.20118962636850385,1.668818333333333,2.93
EC warmup30 Sep 21,7,0.3131174830380176,0.334508164920284,0.9433565658980251,0.8582857142857142,0.5451682312476966,3.8601428571428578,4.97
EC warmup52 Sep 21,7,0.3131174830380176,0.334508164920284,0.9433565658980251,0.8582857142857142,0.5451682312476966,3.8601428571428578,4.97
