Target,Warmup,MAE,RMSE,Naive MAE,R2,N test,Holdout MAE,Holdout R2
pH,52,0.2927918297727799,0.3957915355313629,0.8768421052631579,0.938078516508774,57,0.35362086448768254,0.9244507836075178
EC,52,0.15582563915696698,0.256513607921374,0.19607719298245616,0.9589315564907018,57,0.18579547084330045,0.9322070472084941
EC stress,30,0.18821963209154988,0.3097374309913195,0.24673468354430375,0.9313082812806694,79,,
