evaluation,regime,n,mae,rmse,r2,naive_mae,gain_vs_naive,mean_true,max_true
pH warmup52,all,57,0.2930162849486802,0.38631532861430634,0.9410081209204729,0.8768421052631579,0.5838258203144777,8.488771929824562,10.38
pH warmup52,mid_ph_6.5_to_9.5,29,0.31536180198175207,0.4061754654574082,0.7817079893814829,1.043448275862069,0.7280864738803168,8.214827586206898,9.45
pH warmup52,acidic_ph_le_6.5,7,0.2063161252555954,0.21662884362656795,0.7682962114167171,0.38571428571428573,0.17939816045869034,5.2628571428571425,6.19
pH warmup52,alkaline_ph_ge_9.5,21,0.2910582432292757,0.40200570022563803,-1.307468177227916,0.8104761904761906,0.5194179472469149,9.942380952380953,10.38
pH warmup52,jump_abs_delta_ge_0.75,25,0.34470482802102254,0.4420901417880784,0.8698142408311342,1.5632,1.2184951719789774,8.680399999999999,10.34
pH warmup52,jump_abs_delta_ge_1.0,21,0.33511871844210295,0.4356212662454373,0.8748532898396976,1.6976190476190471,1.3625003291769442,8.63047619047619,10.34
