regime,n,mae,rmse,r2,naive_mae,gain_vs_naive,mean_true,max_true
pH Sep 18-21 transition,14,0.29741128714505566,0.355125555535055,0.8672160191515881,0.512142857142857,0.21473156999780135,6.1485714285714295,7.76
pH Sep 21,7,0.2063161252555954,0.21662884362656795,0.7682962114167171,0.38571428571428573,0.17939816045869034,5.2628571428571425,6.19
