Target,Warmup,MAE,RMSE,Naive MAE,Gain,R2,N test,Holdout MAE,Holdout R2
pH,52,0.29113961822954854,0.38780135859840614,0.8768421052631579,0.5857024870336094,0.9405534027068188,57,0.363675039045105,0.9232497108601463
EC,52,0.1290316267416493,0.1767682248209489,0.19607719298245616,0.06704556624080685,0.9804972512322213,57,0.177121952978715,0.9367403695387972
EC stress,30,0.1673584977060651,0.26677281782128953,0.24673468354430375,0.07937618583823866,0.9490434341939163,79,,
