evaluation,regime,n,mae,rmse,r2,naive_mae,gain_vs_naive,mean_true,max_true
EC warmup52,all,57,0.13165578886848908,0.18045686666587218,0.9796748270532696,0.19607719298245616,0.06442140411396707,0.779259649122807,4.97
EC warmup52,low_ec_true_lt_1,51,0.1087074054591309,0.14862232491704094,0.3651705351529201,0.10485098039215687,-0.003856425066974034,0.35093725490196076,0.98
EC warmup52,high_ec_true_ge_1,6,0.3267170478480336,0.3487282688044752,-0.09956062805937083,0.9714999999999998,0.6447829521519661,4.42,4.97
EC warmup52,very_high_ec_true_ge_2,6,0.3267170478480336,0.3487282688044752,-0.09956062805937083,0.9714999999999998,0.6447829521519661,4.42,4.97
EC warmup52,shock_abs_delta_ge_0.5,3,0.259339813851974,0.28151614874084074,0.6220527352602391,1.7096666666666664,1.4503268528146924,4.3566666666666665,4.97
EC warmup52,shock_abs_delta_ge_1.0,1,0.1290196290975949,0.1290196290975949,,3.7290000000000005,3.5999803709024056,4.23,4.23
