evaluation,regime,n,mae,rmse,r2,naive_mae,gain_vs_naive,mean_true,max_true
EC warmup30,all,79,0.17075849412389327,0.2715632426186104,0.9471969546623521,0.24673468354430375,0.07597618942041048,0.8485015189873416,4.97
EC warmup30,low_ec_true_lt_1,65,0.1275974526798151,0.18556130796809173,0.20957525029433288,0.11232369230769232,-0.015273760372122774,0.36628646153846156,0.98
EC warmup30,high_ec_true_ge_1,14,0.3711490436856847,0.5062351266680987,0.8384834826278462,0.8707857142857142,0.4996366706000295,3.087357142857143,4.97
EC warmup30,very_high_ec_true_ge_2,10,0.4135341083315933,0.5662256712880281,0.6235027422183441,0.8492,0.43566589166840664,3.7039999999999993,4.97
EC warmup30,shock_abs_delta_ge_0.5,9,0.40233103222944067,0.5713675948368468,0.840575877252921,1.2737577777777778,0.8714267455483371,2.648444444444445,4.97
EC warmup30,shock_abs_delta_ge_1.0,4,0.5206077707784322,0.7804412601225449,0.5497834794641148,1.95425,1.4336422292215678,2.45175,4.23
