Window,n,MAE,RMSE
Aug14-22,12,0.37843088308904616,0.5411182885004826
Sep21 all,7,0.2690548705197187,0.2880626412538704
Sep21 later after 07:20,5,0.2767604583210339,0.30198102716596575
