evaluation,regime,n,mae,rmse,r2,naive_mae,gain_vs_naive,mean_true,max_true
pH holdout,all,40,0.3638445863400648,0.42682769698941614,0.9231375556188358,0.8995000000000001,0.5356554136599353,8.496500000000001,10.38
pH holdout,mid_ph_6.5_to_9.5,20,0.402988738203421,0.4306632866934398,0.7432484976562093,0.9269999999999999,0.5240112617965789,8.045,9.39
pH holdout,acidic_ph_le_6.5,4,0.705402530620868,0.7338766267101803,-7.2643123158187475,1.0075000000000003,0.3020974693791323,5.1825,5.4
pH holdout,alkaline_ph_ge_9.5,16,0.2295249104406687,0.29828241375137904,-0.35307179008865086,0.8381250000000001,0.6086000895593314,9.889375,10.38
pH holdout,jump_abs_delta_ge_0.75,24,0.40985718923978914,0.4670143923317906,0.927484063653955,1.2820833333333332,0.8722261440935442,8.37625,10.22
pH holdout,jump_abs_delta_ge_1.0,17,0.35932611825727473,0.4073783403078411,0.9144141250298548,1.4605882352941177,1.101262117036843,8.535882352941178,10.06
