evaluation,regime,n,mae,rmse,r2,naive_mae,gain_vs_naive,mean_true,max_true
pH holdout,all,40,0.39195718457505146,0.5089765043294319,0.8907039479732916,0.8995000000000001,0.5075428154249486,8.496500000000001,10.38
pH holdout,mid_ph_6.5_to_9.5,20,0.38355233620153717,0.41560634067449204,0.7608878623860987,0.9269999999999999,0.5434476637984628,8.045,9.39
pH holdout,acidic_ph_le_6.5,4,1.0985279592058672,1.1663335711678342,-19.87402319720898,1.0075000000000003,-0.09102795920586693,5.1825,5.4
pH holdout,alkaline_ph_ge_9.5,16,0.2258205513842404,0.30273489570776196,-0.39376806797591124,0.8381250000000001,0.6123044486157597,9.889375,10.38
pH holdout,jump_abs_delta_ge_0.75,24,0.4577035175128381,0.5861683326964032,0.8857601473722504,1.2820833333333332,0.8243798158204951,8.37625,10.22
pH holdout,jump_abs_delta_ge_1.0,17,0.34316836200478074,0.39418314557429596,0.9198686743312164,1.4605882352941177,1.117419873289337,8.535882352941178,10.06
