evaluation,regime,n,mae,rmse,r2,naive_mae,gain_vs_naive,mean_true,max_true
pH holdout,all,40,0.2897132550622262,0.3793246861699277,0.9392940555994284,0.8995000000000001,0.6097867449377739,8.496500000000001,10.38
pH holdout,mid_ph_6.5_to_9.5,20,0.3382248321175573,0.39377477915557924,0.7853489161460112,0.9269999999999999,0.5887751678824427,8.045,9.39
pH holdout,acidic_ph_le_6.5,4,0.673437395687142,0.7265907157204635,-7.101031064293471,1.0075000000000003,0.3340626043128583,5.1825,5.4
pH holdout,alkaline_ph_ge_9.5,16,0.1331427485868335,0.1841502265222879,0.4842846515803758,0.8381250000000001,0.7049822514131666,9.889375,10.38
pH holdout,jump_abs_delta_ge_0.75,24,0.31032939836304035,0.4217722709682854,0.9408535098917309,1.2820833333333332,0.9717539349702928,8.37625,10.22
pH holdout,jump_abs_delta_ge_1.0,17,0.27935888331720865,0.3614273712807922,0.9326328299327422,1.4605882352941177,1.181229351976909,8.535882352941178,10.06
