Target,Warmup,MAE,RMSE,Naive MAE,Gain,R2,N test,Holdout MAE,Holdout R2
pH,52,0.2798217992098756,0.392871185714553,0.8768421052631579,0.5970203060532823,0.9389889213074624,57,0.31365579036589875,0.9351515691737744
EC,52,0.124597629635347,0.21439790116444254,0.19607719298245616,0.07147956334710916,0.9713101363539454,57,0.1811041312657718,0.9376890340779889
