target,evaluation,global_mae,balanced_mae,balanced_minus_global
EC,warmup52,0.124597629635347,0.26619060192098665,0.14159297228563966
EC,warmup30,0.17254096386162596,0.3382535257368309,0.16571256187520492
EC,holdout,0.1811041312657718,0.41035417889782017,0.22925004763204837
pH,warmup52,0.2798217992098756,0.2697948844032795,-0.010026914806596121
pH,holdout,0.31365579036589875,0.3823927137773689,0.06873692341147014
