evaluation,regime,n,mae,rmse,r2,naive_mae,gain_vs_naive,mean_true,max_true
pH warmup52,all,57,0.27928224334834373,0.3922166702691195,0.9391920384169278,0.8768421052631579,0.5975598619148141,8.488771929824562,10.38
pH warmup52,mid_ph_6.5_to_9.5,29,0.29002869128282804,0.41386691977516354,0.7733624342104486,1.043448275862069,0.7534195845792409,8.214827586206898,9.45
pH warmup52,acidic_ph_le_6.5,7,0.16909779703356534,0.19384469346230518,0.8144724517854077,0.38571428571428573,0.2166164886807204,5.2628571428571425,6.19
pH warmup52,alkaline_ph_ge_9.5,21,0.3011700592580295,0.4104709194144019,-1.405670187430157,0.8104761904761906,0.509306131218161,9.942380952380953,10.38
pH warmup52,jump_abs_delta_ge_0.75,25,0.32229460837203106,0.46211400147286713,0.8577539965438379,1.5632,1.2409053916279689,8.680399999999999,10.34
pH warmup52,jump_abs_delta_ge_1.0,21,0.32195670835090234,0.47618990084826257,0.8504585276284277,1.6976190476190471,1.3756623392681449,8.63047619047619,10.34
