evaluation,regime,n,mae,rmse,r2,naive_mae,gain_vs_naive,mean_true,max_true
pH holdout,all,40,0.31365579036589875,0.3920534077526038,0.9351515691737744,0.8995000000000001,0.5858442096341013,8.496500000000001,10.38
pH holdout,mid_ph_6.5_to_9.5,20,0.36080507092177844,0.4084756765222758,0.7690224906588256,0.9269999999999999,0.5661949290782216,8.045,9.39
pH holdout,acidic_ph_le_6.5,4,0.6736134660210633,0.7267745379136297,-7.10513058727641,1.0075000000000003,0.333886533978937,5.1825,5.4
pH holdout,alkaline_ph_ge_9.5,16,0.16472977075725792,0.2089232064617701,0.3361974641781891,0.8381250000000001,0.6733952292427422,9.889375,10.38
pH holdout,jump_abs_delta_ge_0.75,24,0.3304225474093759,0.42562721485522614,0.93976738645159,1.2820833333333332,0.9516607859239574,8.37625,10.22
pH holdout,jump_abs_delta_ge_1.0,17,0.2890160662852573,0.3590305985204176,0.9335233459517138,1.4605882352941177,1.1715721690088605,8.535882352941178,10.06
