evaluation,regime,n,mae,rmse,r2,naive_mae,gain_vs_naive,mean_true,max_true
EC warmup30,all,79,0.18002372939236852,0.3123568535536943,0.9301415286887617,0.24673468354430375,0.06671095415193523,0.8485015189873416,4.97
EC warmup30,low_ec_true_lt_1,65,0.1257367808747265,0.1807325550907066,0.25017751915253483,0.11232369230769232,-0.013413088567034187,0.36628646153846156,0.98
EC warmup30,high_ec_true_ge_1,14,0.4320702760814209,0.6315853546247254,0.7485935068473959,0.8707857142857142,0.43871543820429326,3.087357142857143,4.97
EC warmup30,very_high_ec_true_ge_2,10,0.40319403059228415,0.6572065620267828,0.4927915398360385,0.8492,0.4460059694077158,3.7039999999999993,4.97
EC warmup30,shock_abs_delta_ge_0.5,9,0.5500715080522688,0.7536440477059403,0.7226326281977546,1.2737577777777778,0.723686269725509,2.648444444444445,4.97
EC warmup30,shock_abs_delta_ge_1.0,4,0.9998497520531157,1.1040986648521076,0.09893368676853376,1.95425,0.9544002479468844,2.45175,4.23
