evaluation,regime,n,mae,rmse,r2,naive_mae,gain_vs_naive,mean_true,max_true
EC holdout,all,40,0.1978317937270459,0.37596186256723213,0.920805953504546,0.5569225,0.3590907062729541,0.9996824999999999,4.97
EC holdout,low_ec_true_lt_1,32,0.08853890825550453,0.14042027136657637,0.47004895775160505,0.137309375,0.04877046674449548,0.382040625,0.968
EC holdout,high_ec_true_ge_1,8,0.6350033356132112,0.7923794546064781,0.4519598305642749,2.235375,1.6003716643867887,3.47025,4.97
EC holdout,very_high_ec_true_ge_2,7,0.6830297433029673,0.8395261516902968,0.23639852722435628,2.442285714285714,1.7592559709827469,3.6900000000000004,4.97
EC holdout,shock_abs_delta_ge_0.5,8,0.6747969174374855,0.8132574716324303,0.7227353792501547,2.3745,1.6997030825625143,3.0943750000000003,4.97
EC holdout,shock_abs_delta_ge_1.0,5,0.8329410178167482,0.9739837011624293,-1.8265763555076768,3.3752000000000004,2.5422589821832524,4.212000000000001,4.97
