evaluation,regime,n,mae,rmse,r2,naive_mae,gain_vs_naive,mean_true,max_true
EC holdout,all,40,0.19891954310898652,0.37877833666702027,0.9196149632900186,0.5569225,0.35800295689101347,0.9996824999999999,4.97
EC holdout,low_ec_true_lt_1,32,0.08943648871958529,0.14316381284942561,0.4491382121328882,0.137309375,0.04787288628041472,0.382040625,0.968
EC holdout,high_ec_true_ge_1,8,0.6368517606665914,0.7971082940246145,0.4453990164884707,2.235375,1.5985232393334083,3.47025,4.97
EC holdout,very_high_ec_true_ge_2,7,0.6839104002432176,0.8441845529725679,0.22790080229957277,2.442285714285714,1.7583753140424965,3.6900000000000004,4.97
EC holdout,shock_abs_delta_ge_0.5,8,0.6695900185245529,0.8150049591777011,0.7215425539986884,2.3745,1.704909981475447,3.0943750000000003,4.97
EC holdout,shock_abs_delta_ge_1.0,5,0.8206534781945442,0.975073345177854,-1.8329043563963898,3.3752000000000004,2.5545465218054564,4.212000000000001,4.97
