evaluation,regime,n,mae,rmse,r2,naive_mae,gain_vs_naive,mean_true,max_true
EC warmup52,all,57,0.14312776824033357,0.22631548047965305,0.9680319645274121,0.19607719298245616,0.05294942474212258,0.779259649122807,4.97
EC warmup52,low_ec_true_lt_1,51,0.11183442748177969,0.15986240626734935,0.26551713948884326,0.10485098039215687,-0.006983447089622813,0.35093725490196076,0.98
EC warmup52,high_ec_true_ge_1,6,0.4091211646880415,0.5189910526449412,-1.4353681078255365,0.9714999999999998,0.5623788353119583,4.42,4.97
EC warmup52,very_high_ec_true_ge_2,6,0.4091211646880415,0.5189910526449412,-1.4353681078255365,0.9714999999999998,0.5623788353119583,4.42,4.97
EC warmup52,shock_abs_delta_ge_0.5,3,0.4681707157499629,0.5628757524558313,-0.5109485027153806,1.7096666666666664,1.2414959509167036,4.3566666666666665,4.97
EC warmup52,shock_abs_delta_ge_1.0,1,0.6136893704451492,0.6136893704451492,,3.7290000000000005,3.1153106295548514,4.23,4.23
