evaluation,regime,n,mae,rmse,r2,naive_mae,gain_vs_naive,mean_true,max_true
EC holdout,all,40,0.30786421420641086,0.7143869557887005,0.7140619301118916,0.5569225,0.24905828579358913,0.9996824999999999,4.97
EC holdout,low_ec_true_lt_1,32,0.09193581864672187,0.15040185194886377,0.39202950624637367,0.137309375,0.04537355635327814,0.382040625,0.968
EC holdout,high_ec_true_ge_1,8,1.171577796445167,1.5688405733938173,-1.1483429172190718,2.235375,1.0637972035548329,3.47025,4.97
EC holdout,very_high_ec_true_ge_2,7,1.2826915035073496,1.6705440437507868,-2.023529146382698,2.442285714285714,1.1595942107783646,3.6900000000000004,4.97
EC holdout,shock_abs_delta_ge_0.5,8,1.2144339337831138,1.5807241324856147,-0.04749148178953133,2.3745,1.160066066216886,3.0943750000000003,4.97
EC holdout,shock_abs_delta_ge_1.0,5,1.6654010986735202,1.9657333894122164,-10.51347897075837,3.3752000000000004,1.7097989013264803,4.212000000000001,4.97
