evaluation,regime,n,mae,rmse,r2,naive_mae,gain_vs_naive,mean_true,max_true
pH holdout,all,40,0.31772794959105355,0.41842753362700286,0.9261331610167075,0.8995000000000001,0.5817720504089465,8.496500000000001,10.38
pH holdout,mid_ph_6.5_to_9.5,20,0.31897733189165567,0.36752639711103036,0.813011728571151,0.9269999999999999,0.6080226681083443,8.045,9.39
pH holdout,acidic_ph_le_6.5,4,0.8909420001290547,0.9391452114753346,-12.533997939764848,1.0075000000000003,0.11655799987094562,5.1825,5.4
pH holdout,alkaline_ph_ge_9.5,16,0.1728627090808006,0.2199113559298615,0.2645369564541531,0.8381250000000001,0.6652622909191995,9.889375,10.38
pH holdout,jump_abs_delta_ge_0.75,24,0.35626125290629446,0.48120768117115165,0.9230093419393812,1.2820833333333332,0.9258220804270387,8.37625,10.22
pH holdout,jump_abs_delta_ge_1.0,17,0.28630127211321654,0.35024354313439837,0.9367374780106974,1.4605882352941177,1.1742869631809012,8.535882352941178,10.06
