evaluation,regime,n,mae,rmse,r2,naive_mae,gain_vs_naive,mean_true,max_true
EC warmup52,all,57,0.13126166199102207,0.24421956434226502,0.962773832300509,0.19607719298245616,0.06481553099143408,0.779259649122807,4.97
EC warmup52,low_ec_true_lt_1,51,0.10682892621601754,0.14933853237457165,0.359037336547149,0.10485098039215687,-0.001977945823860669,0.35093725490196076,0.98
EC warmup52,high_ec_true_ge_1,6,0.3389399160785606,0.6140385831780206,-2.4090721666480226,0.9714999999999998,0.6325600839214391,4.42,4.97
EC warmup52,very_high_ec_true_ge_2,6,0.3389399160785606,0.6140385831780206,-2.4090721666480226,0.9714999999999998,0.6325600839214391,4.42,4.97
EC warmup52,shock_abs_delta_ge_0.5,3,0.5015257045798736,0.8439967660617161,-2.3970829112461427,1.7096666666666664,1.208140962086793,4.3566666666666665,4.97
EC warmup52,shock_abs_delta_ge_1.0,1,1.461393186979155,1.461393186979155,,3.7290000000000005,2.2676068130208455,4.23,4.23
