target,evaluation,global_mae,balanced_mae,balanced_minus_global
EC,warmup52,0.13126166199102207,0.31576484895815055,0.18450318696712847
EC,warmup30,0.17751471002118682,0.3566336826548014,0.17911897263361456
EC,holdout,0.19891954310898652,0.4652927559702433,0.26637321286125676
pH,warmup52,0.27454299927849835,0.2667989380743563,-0.007744061204142061
pH,holdout,0.29029030858345095,0.36546666645888193,0.07517635787543098
