evaluation,regime,n,mae,rmse,r2,naive_mae,gain_vs_naive,mean_true,max_true
pH holdout,all,40,0.33619537823743545,0.4119006539131862,0.9284196251637691,0.8995000000000001,0.5633046217625646,8.496500000000001,10.38
pH holdout,mid_ph_6.5_to_9.5,20,0.36787123080342987,0.4177634480704102,0.7583993098547454,0.9269999999999999,0.5591287691965701,8.045,9.39
pH holdout,acidic_ph_le_6.5,4,0.7146506722367743,0.7668172104242583,-8.022861942308865,1.0075000000000003,0.29284932776322603,5.1825,5.4
pH holdout,alkaline_ph_ge_9.5,16,0.20198673903010778,0.24288956339243517,0.10281242514796418,0.8381250000000001,0.6361382609698923,9.889375,10.38
pH holdout,jump_abs_delta_ge_0.75,24,0.39955223617614855,0.470595097995375,0.926367808319593,1.2820833333333332,0.8825310971571847,8.37625,10.22
pH holdout,jump_abs_delta_ge_1.0,17,0.3624587909082458,0.40954472525060603,0.9135014356168226,1.4605882352941177,1.098129444385872,8.535882352941178,10.06
