target,evaluation,global_mae,balanced_mae,balanced_minus_global
EC,warmup52,0.12904086078110996,0.30910697777848545,0.18006611699737549
EC,warmup30,0.17574683949844225,0.3539093249795844,0.17816248548114214
EC,holdout,0.1978317937270459,0.46611305376873374,0.26828126004168784
pH,warmup52,0.27928224334834373,0.27064778898661346,-0.00863445436173027
pH,holdout,0.31439762862926307,0.38455640871218166,0.07015878008291859
