evaluation,regime,n,mae,rmse,r2,naive_mae,gain_vs_naive,mean_true,max_true
pH holdout,all,40,0.31439762862926307,0.3930033852847161,0.934836922304256,0.8995000000000001,0.5851023713707371,8.496500000000001,10.38
pH holdout,mid_ph_6.5_to_9.5,20,0.36080507092177844,0.4084756765222758,0.7690224906588256,0.9269999999999999,0.5661949290782216,8.045,9.39
pH holdout,acidic_ph_le_6.5,4,0.6810318486547071,0.7318873493289428,-7.219569841492213,1.0075000000000003,0.32646815134529317,5.1825,5.4
pH holdout,alkaline_ph_ge_9.5,16,0.16472977075725792,0.2089232064617701,0.3361974641781891,0.8381250000000001,0.6733952292427422,9.889375,10.38
pH holdout,jump_abs_delta_ge_0.75,24,0.3316589445149832,0.4270848899420109,0.9393541143497495,1.2820833333333332,0.9504243888183501,8.37625,10.22
pH holdout,jump_abs_delta_ge_1.0,17,0.2895994264495372,0.35954388527873027,0.9333331338789824,1.4605882352941177,1.1709888088445806,8.535882352941178,10.06
