evaluation,regime,n,mae,rmse,r2,naive_mae,gain_vs_naive,mean_true,max_true
EC holdout,all,40,0.18580509880284027,0.3397352508360016,0.9353324850414124,0.5569225,0.37111740119715975,0.9996824999999999,4.97
EC holdout,low_ec_true_lt_1,32,0.09288730339529505,0.15174101182490363,0.38115471561553105,0.137309375,0.04442207160470496,0.382040625,0.968
EC holdout,high_ec_true_ge_1,8,0.5574762804330212,0.69641859870657,0.5766625385353503,2.235375,1.6778987195669788,3.47025,4.97
EC holdout,very_high_ec_true_ge_2,7,0.5957952290800685,0.7364324267100764,0.41242392295764685,2.442285714285714,1.8464904852056456,3.6900000000000004,4.97
EC holdout,shock_abs_delta_ge_0.5,8,0.6090559413850075,0.7267077968442255,0.778610014262412,2.3745,1.7654440586149924,3.0943750000000003,4.97
EC holdout,shock_abs_delta_ge_1.0,5,0.71638978041054,0.8511705465960813,-1.1586911809707283,3.3752000000000004,2.6588102195894603,4.212000000000001,4.97
