evaluation,regime,n,mae,rmse,r2,naive_mae,gain_vs_naive,mean_true,max_true
pH warmup52,all,57,0.27292149654398246,0.3833420201312284,0.9419126983320281,0.8768421052631579,0.6039206087191754,8.488771929824562,10.38
pH warmup52,mid_ph_6.5_to_9.5,29,0.27803273423149394,0.39685776865257233,0.7916083852703282,1.043448275862069,0.765415541630575,8.214827586206898,9.45
pH warmup52,acidic_ph_le_6.5,7,0.14913417715783922,0.19177225667184264,0.8184182782469577,0.38571428571428573,0.2365801085564465,5.2628571428571425,6.19
pH warmup52,alkaline_ph_ge_9.5,21,0.307125560485181,0.4112345058040807,-1.4146289005805648,0.8104761904761906,0.5033506299910095,9.942380952380953,10.38
pH warmup52,jump_abs_delta_ge_0.75,25,0.3190072609734868,0.4537737844358261,0.8628421644992997,1.5632,1.244192739026513,8.680399999999999,10.34
pH warmup52,jump_abs_delta_ge_1.0,21,0.3252931342156595,0.472055064468756,0.8530442397147292,1.6976190476190471,1.3723259134033876,8.63047619047619,10.34
