regime,n,mae,rmse,r2,naive_mae,gain_vs_naive,mean_true,max_true
pH Sep 18-21 transition,14,0.27018749170224154,0.33765470396804387,0.8799595980017573,0.512142857142857,0.24195536544061547,6.1485714285714295,7.76
pH Sep 21,7,0.14913417715783922,0.19177225667184264,0.8184182782469577,0.38571428571428573,0.2365801085564465,5.2628571428571425,6.19
