Target,Warmup,MAE,RMSE,Naive MAE,Gain,R2,N test,Holdout MAE,Holdout R2
pH,52,0.2937363249545935,0.39047034895736743,0.8768421052631579,0.5831057803085644,0.9397323205845028,57,0.33619537823743545,0.9284196251637691
EC,52,0.14312776824033357,0.22631548047965305,0.19607719298245616,0.05294942474212258,0.9680319645274121,57,0.18548837508719937,0.9355594534037472
EC stress,30,0.17746259151952895,0.29450297075275667,0.24673468354430375,0.0692720920247748,0.937899319517393,79,,
