evaluation,regime,n,mae,rmse,r2,naive_mae,gain_vs_naive,mean_true,max_true
pH warmup52,all,57,0.2937363249545935,0.39047034895736743,0.9397323205845028,0.8768421052631579,0.5831057803085644,8.488771929824562,10.38
pH warmup52,mid_ph_6.5_to_9.5,29,0.2732569529367885,0.3727926789602582,0.8161154601838604,1.043448275862069,0.7701913229252804,8.214827586206898,9.45
pH warmup52,acidic_ph_le_6.5,7,0.3672960927774943,0.45795088974443815,-0.03547206358884347,0.38571428571428573,0.018418192936791422,5.2628571428571425,6.19
pH warmup52,alkaline_ph_ge_9.5,21,0.2974974398953574,0.389892179211733,-1.1705027757206747,0.8104761904761906,0.5129787505808332,9.942380952380953,10.38
pH warmup52,jump_abs_delta_ge_0.75,25,0.35640661569508586,0.48241931515008996,0.8449787643290342,1.5632,1.2067933843049141,8.680399999999999,10.34
pH warmup52,jump_abs_delta_ge_1.0,21,0.36893458818080416,0.5075048101880596,0.8301437166222148,1.6976190476190471,1.328684459438243,8.63047619047619,10.34
