regime,n,mae,rmse,r2,naive_mae,gain_vs_naive,mean_true,max_true
pH Sep 18-21 transition,14,0.28947183052532593,0.34837358968050636,0.8722172355188862,0.512142857142857,0.22267102661753108,6.1485714285714295,7.76
pH Sep 21,7,0.16851491266946184,0.18763260137823193,0.8261730253422784,0.38571428571428573,0.2171993730448239,5.2628571428571425,6.19
