regime,n,mae,rmse,r2,naive_mae,gain_vs_naive,mean_true,max_true
pH Sep 18-21 transition,14,0.29174206377058554,0.35134009359302304,0.8700317540685116,0.512142857142857,0.22040079337227148,6.1485714285714295,7.76
pH Sep 21,7,0.16153512977600887,0.18488857726488095,0.831220096919796,0.38571428571428573,0.22417915593827686,5.2628571428571425,6.19
