regime,n,mae,rmse,r2,naive_mae,gain_vs_naive,mean_true,max_true
pH Sep 18-21 transition,14,0.3150931597684205,0.3946689615646693,0.8359985158179282,0.512142857142857,0.1970496973744365,6.1485714285714295,7.76
pH Sep 21,7,0.3594389389714694,0.45136100506602866,-0.005885722558650386,0.38571428571428573,0.02627534674281634,5.2628571428571425,6.19
