evaluation,regime,n,mae,rmse,r2,naive_mae,gain_vs_naive,mean_true,max_true
pH warmup52,all,57,0.2798217992098756,0.392871185714553,0.9389889213074624,0.8768421052631579,0.5970203060532823,8.488771929824562,10.38
pH warmup52,mid_ph_6.5_to_9.5,29,0.2929035696460425,0.4154163259054955,0.7716623179207027,1.043448275862069,0.7505447062160264,8.214827586206898,9.45
pH warmup52,acidic_ph_le_6.5,7,0.16158111297272196,0.19088438077704495,0.8200957765454991,0.38571428571428573,0.22413317274156377,5.2628571428571425,6.19
pH warmup52,alkaline_ph_ge_9.5,21,0.3011700592580295,0.4104709194144019,-1.405670187430157,0.8104761904761906,0.509306131218161,9.942380952380953,10.38
pH warmup52,jump_abs_delta_ge_0.75,25,0.3235247957363238,0.46337990160187775,0.8569736009208284,1.5632,1.239675204263676,8.680399999999999,10.34
pH warmup52,jump_abs_delta_ge_1.0,21,0.3194511469972879,0.4757911119566286,0.8507088920600105,1.6976190476190471,1.3781679006217593,8.63047619047619,10.34
