target,evaluation,global_mae,balanced_mae,balanced_minus_global
EC,warmup52,0.14312776824033357,0.3297087693065947,0.18658100106626113
EC,warmup30,0.17746259151952895,0.32695231334214925,0.1494897218226203
EC,holdout,0.18548837508719937,0.4273501038948438,0.24186172880764442
pH,warmup52,0.2937363249545935,0.3236142753261815,0.02987795037158797
pH,holdout,0.33619537823743545,0.42101521956161514,0.08481984132417969
