evaluation,regime,n,mae,rmse,r2,naive_mae,gain_vs_naive,mean_true,max_true
pH holdout,all,40,0.29824369604543516,0.38194241663712664,0.9384532976237847,0.8995000000000001,0.6012563039545649,8.496500000000001,10.38
pH holdout,mid_ph_6.5_to_9.5,20,0.33436306022107576,0.3764763760561092,0.8037937889207947,0.9269999999999999,0.5926369397789242,8.045,9.39
pH holdout,acidic_ph_le_6.5,4,0.6823181011930777,0.7329540188539535,-7.2435460823502265,1.0075000000000003,0.3251818988069226,5.1825,5.4
pH holdout,alkaline_ph_ge_9.5,16,0.15707588953897367,0.2307087958174858,0.1905428812965867,0.8381250000000001,0.6810491104610265,9.889375,10.38
pH holdout,jump_abs_delta_ge_0.75,24,0.30836748306379835,0.4063199796576386,0.9451079707952124,1.2820833333333332,0.9737158502695349,8.37625,10.22
pH holdout,jump_abs_delta_ge_1.0,17,0.26972928751296044,0.32899376887534,0.9441810618001887,1.4605882352941177,1.1908589477811573,8.535882352941178,10.06
