Target,Warmup,MAE,RMSE,Naive MAE,Gain,R2,N test,Holdout MAE,Holdout R2
pH,52,0.27510060042645684,0.3753581693789309,0.8768421052631579,0.601741504836701,0.9443070666131549,57,0.2897132550622262,0.9392940555994284
EC,52,0.12689574720053817,0.2187553413964443,0.19607719298245616,0.06918144578191798,0.9701320952775645,57,0.18183406844619548,0.9367980679454475
