evaluation,regime,n,mae,rmse,r2,naive_mae,gain_vs_naive,mean_true,max_true
EC warmup30,all,79,0.17574683949844225,0.3090626068683366,0.9316072721525261,0.24673468354430375,0.0709878440458615,0.8485015189873416,4.97
EC warmup30,low_ec_true_lt_1,65,0.1259860809990186,0.18045942284240937,0.25244214654395525,0.11232369230769232,-0.013662388691326272,0.36628646153846156,0.98
EC warmup30,high_ec_true_ge_1,14,0.40677893253148084,0.6227411574273799,0.7555851846668219,0.8707857142857142,0.4640067817542333,3.087357142857143,4.97
EC warmup30,very_high_ec_true_ge_2,10,0.37302230806993786,0.649015565811015,0.5053557869226599,0.8492,0.4761776919300621,3.7039999999999993,4.97
EC warmup30,shock_abs_delta_ge_0.5,9,0.5289629614082537,0.7464199701334139,0.7279245695079866,1.2737577777777778,0.744794816369524,2.648444444444445,4.97
EC warmup30,shock_abs_delta_ge_1.0,4,0.9896306491813379,1.0968311248168303,0.11075687505396503,1.95425,0.9646193508186621,2.45175,4.23
