evaluation,regime,n,mae,rmse,r2,naive_mae,gain_vs_naive,mean_true,max_true
EC warmup52,all,57,0.12689574720053817,0.2187553413964443,0.9701320952775645,0.19607719298245616,0.06918144578191798,0.779259649122807,4.97
EC warmup52,low_ec_true_lt_1,51,0.10691830216412863,0.14963167108523534,0.35651855760010276,0.10485098039215687,-0.0020673217719717613,0.35093725490196076,0.98
EC warmup52,high_ec_true_ge_1,6,0.29670403001001905,0.5141012835716822,-1.389693759222888,0.9714999999999998,0.6747959699899808,4.42,4.97
EC warmup52,very_high_ec_true_ge_2,6,0.29670403001001905,0.5141012835716822,-1.389693759222888,0.9714999999999998,0.6747959699899808,4.42,4.97
EC warmup52,shock_abs_delta_ge_0.5,3,0.4170539324427905,0.6977420994896291,-1.321744561573634,1.7096666666666664,1.292612734223876,4.3566666666666665,4.97
EC warmup52,shock_abs_delta_ge_1.0,1,1.2079778705679058,1.2079778705679058,,3.7290000000000005,2.5210221294320947,4.23,4.23
