regime,n,mae,rmse,r2,naive_mae,gain_vs_naive,mean_true,max_true
EC warmup30 Aug 14-22,12,0.43616206806880276,0.5767906918816491,0.44027331546280246,0.588985,0.15282293193119723,1.668818333333333,2.93
EC warmup30 Sep 21,7,0.28123494627532153,0.48126367027521494,0.8827528520380385,0.8582857142857142,0.5770507680103927,3.8601428571428578,4.97
EC warmup52 Sep 21,7,0.28123494627532153,0.48126367027521494,0.8827528520380385,0.8582857142857142,0.5770507680103927,3.8601428571428578,4.97
