evaluation,regime,n,mae,rmse,r2,naive_mae,gain_vs_naive,mean_true,max_true
EC warmup30,all,79,0.17254096386162596,0.29479037002773395,0.9377780548721218,0.24673468354430375,0.0741937196826778,0.8485015189873416,4.97
EC warmup30,low_ec_true_lt_1,65,0.12605387945165963,0.1806435577392687,0.25091580102413646,0.11232369230769232,-0.013730187143967315,0.36628646153846156,0.98
EC warmup30,high_ec_true_ge_1,14,0.38837385576504113,0.5821218236945426,0.7864300476168922,0.8707857142857142,0.48241185852067303,3.087357142857143,4.97
EC warmup30,very_high_ec_true_ge_2,10,0.3472552005969223,0.5938890304757669,0.5858160038242031,0.8492,0.5019447994030777,3.7039999999999993,4.97
EC warmup30,shock_abs_delta_ge_0.5,9,0.5003328419937919,0.6935508236499921,0.765101951806715,1.2737577777777778,0.7734249357839859,2.648444444444445,4.97
EC warmup30,shock_abs_delta_ge_1.0,4,0.9252128804987989,1.015748963082458,0.2373702208327536,1.95425,1.0290371195012011,2.45175,4.23
