regime,n,mae,rmse,r2,naive_mae,gain_vs_naive,mean_true,max_true
EC warmup30 Aug 14-22,12,0.38386688197666285,0.5513996394113844,0.4884683839781838,0.588985,0.20511811802333713,1.668818333333333,2.93
EC warmup30 Sep 21,7,0.3921947570934626,0.4928894025366363,0.8770198294688141,0.8582857142857142,0.46609095719225163,3.8601428571428578,4.97
EC warmup52 Sep 21,7,0.3921947570934626,0.4928894025366363,0.8770198294688141,0.8582857142857142,0.46609095719225163,3.8601428571428578,4.97
