evaluation,regime,n,mae,rmse,r2,naive_mae,gain_vs_naive,mean_true,max_true
EC warmup30,all,79,0.17481813484045666,0.2926986289803602,0.938657937324499,0.24673468354430375,0.07191654870384709,0.8485015189873416,4.97
EC warmup30,low_ec_true_lt_1,65,0.12813899288088942,0.18939737677872134,0.17655689121641271,0.11232369230769232,-0.015815300573197105,0.36628646153846156,0.98
EC warmup30,high_ec_true_ge_1,14,0.39154272250987593,0.562931592752153,0.8002790451028788,0.8707857142857142,0.47924299177583823,3.087357142857143,4.97
EC warmup30,very_high_ec_true_ge_2,10,0.3797018706472076,0.5744818244857781,0.6124432612645574,0.8492,0.46949812935279234,3.7039999999999993,4.97
EC warmup30,shock_abs_delta_ge_0.5,9,0.45936906034574615,0.6161873334431676,0.8145835090712767,1.2737577777777778,0.8143887174320317,2.648444444444445,4.97
EC warmup30,shock_abs_delta_ge_1.0,4,0.6958807388549906,0.8115339938505662,0.513195687198011,1.95425,1.2583692611450095,2.45175,4.23
