evaluation,regime,n,mae,rmse,r2,naive_mae,gain_vs_naive,mean_true,max_true
pH holdout,all,40,0.29029030858345095,0.38006788717518725,0.9390559434039502,0.8995000000000001,0.6092096914165491,8.496500000000001,10.38
pH holdout,mid_ph_6.5_to_9.5,20,0.3382248321175573,0.39377477915557924,0.7853489161460112,0.9269999999999999,0.5887751678824427,8.045,9.39
pH holdout,acidic_ph_le_6.5,4,0.6792079308993888,0.730464154774307,-7.187634125407385,1.0075000000000003,0.3282920691006115,5.1825,5.4
pH holdout,alkaline_ph_ge_9.5,16,0.1331427485868335,0.1841502265222879,0.4842846515803758,0.8381250000000001,0.7049822514131666,9.889375,10.38
pH holdout,jump_abs_delta_ge_0.75,24,0.3112911542317482,0.4228858996201844,0.9405407620558802,1.2820833333333332,0.970792179101585,8.37625,10.22
pH holdout,jump_abs_delta_ge_1.0,17,0.27997086913075675,0.36196278151944095,0.9324330897280956,1.4605882352941177,1.180617366163361,8.535882352941178,10.06
