evaluation,regime,n,mae,rmse,r2,naive_mae,gain_vs_naive,mean_true,max_true
EC holdout,all,40,0.1811041312657718,0.33348765904846095,0.9376890340779889,0.5569225,0.3758183687342282,0.9996824999999999,4.97
EC holdout,low_ec_true_lt_1,32,0.08853890825550453,0.14042027136657637,0.47004895775160505,0.137309375,0.04877046674449548,0.382040625,0.968
EC holdout,high_ec_true_ge_1,8,0.5513650233068408,0.6907956884965778,0.5834710266057102,2.235375,1.684009976693159,3.47025,4.97
EC holdout,very_high_ec_true_ge_2,7,0.5874431006671154,0.7298039835567828,0.4229535705142482,2.442285714285714,1.8548426136185987,3.6900000000000004,4.97
EC holdout,shock_abs_delta_ge_0.5,8,0.5911586051311152,0.7146476042980724,0.7858972640154736,2.3745,1.7833413948688848,3.0943750000000003,4.97
EC holdout,shock_abs_delta_ge_1.0,5,0.6991197181265557,0.8411764518761007,-1.1082958595265602,3.3752000000000004,2.676080281873445,4.212000000000001,4.97
