evaluation,regime,n,mae,rmse,r2,naive_mae,gain_vs_naive,mean_true,max_true
EC holdout,all,40,0.18548837508719937,0.33913852981247555,0.9355594534037472,0.5569225,0.3714341249128006,0.9996824999999999,4.97
EC holdout,low_ec_true_lt_1,32,0.09007679910658785,0.14796742279838118,0.4115516440030633,0.137309375,0.04723257589341216,0.382040625,0.968
EC holdout,high_ec_true_ge_1,8,0.5671346790096454,0.698210053764952,0.57448176544053,2.235375,1.6682403209903545,3.47025,4.97
EC holdout,very_high_ec_true_ge_2,7,0.6095612756910912,0.7394011109545151,0.40767713664055116,2.442285714285714,1.832724438594623,3.6900000000000004,4.97
EC holdout,shock_abs_delta_ge_0.5,8,0.6248388335682982,0.7305905511787715,0.7762379485357365,2.3745,1.7496611664317017,3.0943750000000003,4.97
EC holdout,shock_abs_delta_ge_1.0,5,0.7468729993988756,0.8584813436833102,-1.1959329038314679,3.3752000000000004,2.628327000601125,4.212000000000001,4.97
