Target,Warmup,MAE,RMSE,Naive MAE,Gain,R2,N test,Holdout MAE,Holdout R2
pH,52,0.27454299927849835,0.37467844004816053,0.8768421052631579,0.6022991059846595,0.9445085906344378,57,0.29029030858345095,0.9390559434039502
EC,52,0.13126166199102207,0.24421956434226502,0.19607719298245616,0.06481553099143408,0.962773832300509,57,0.19891954310898652,0.9196149632900186
