evaluation,regime,n,mae,rmse,r2,naive_mae,gain_vs_naive,mean_true,max_true
EC warmup52,all,57,0.12904086078110996,0.24064739091181567,0.963854874252649,0.19607719298245616,0.0670363322013462,0.779259649122807,4.97
EC warmup52,low_ec_true_lt_1,51,0.10743830750225546,0.14833901209332917,0.3675885285847146,0.10485098039215687,-0.0025873271100985834,0.35093725490196076,0.98
EC warmup52,high_ec_true_ge_1,6,0.31266256365137335,0.6025928582594544,-2.2831659387459236,0.9714999999999998,0.6588374363486265,4.42,4.97
EC warmup52,very_high_ec_true_ge_2,6,0.31266256365137335,0.6025928582594544,-2.2831659387459236,0.9714999999999998,0.6588374363486265,4.42,4.97
EC warmup52,shock_abs_delta_ge_0.5,3,0.5072200621818275,0.8424476967058242,-2.384624361575106,1.7096666666666664,1.202446604484839,4.3566666666666665,4.97
EC warmup52,shock_abs_delta_ge_1.0,1,1.4583798841121758,1.4583798841121758,,3.7290000000000005,2.2706201158878248,4.23,4.23
