evaluation,regime,n,mae,rmse,r2,naive_mae,gain_vs_naive,mean_true,max_true
pH holdout,all,40,0.32138812921667076,0.3956525545143865,0.9339554548414034,0.8995000000000001,0.5781118707833293,8.496500000000001,10.38
pH holdout,mid_ph_6.5_to_9.5,20,0.3435221680197863,0.38787212045641656,0.7917358964148027,0.9269999999999999,0.5834778319802136,8.045,9.39
pH holdout,acidic_ph_le_6.5,4,0.714522118345424,0.7666879825106323,-8.019821041929195,1.0075000000000003,0.2929778816545763,5.1825,5.4
pH holdout,alkaline_ph_ge_9.5,16,0.19543708343058808,0.23736842001127062,0.143136940887301,0.8381250000000001,0.642687916569412,9.889375,10.38
pH holdout,jump_abs_delta_ge_0.75,24,0.37146208302436995,0.4461028138911645,0.9338327850820779,1.2820833333333332,0.9106212503089632,8.37625,10.22
pH holdout,jump_abs_delta_ge_1.0,17,0.31728371294048635,0.3648805390708766,0.9313393947159864,1.4605882352941177,1.1433045223536313,8.535882352941178,10.06
