evaluation,regime,n,mae,rmse,r2,naive_mae,gain_vs_naive,mean_true,max_true
EC holdout,all,40,0.18183406844619548,0.3358634174866761,0.9367980679454475,0.5569225,0.3750884315538045,0.9996824999999999,4.97
EC holdout,low_ec_true_lt_1,32,0.08943648871958529,0.14316381284942561,0.4491382121328882,0.137309375,0.04787288628041472,0.382040625,0.968
EC holdout,high_ec_true_ge_1,8,0.5514243873526363,0.6942893249869286,0.5792472579341247,2.235375,1.6839506126473636,3.47025,4.97
EC holdout,very_high_ec_true_ge_2,7,0.5862791164558404,0.7330738796763597,0.4177710584358072,2.442285714285714,1.8560065978298739,3.6900000000000004,4.97
EC holdout,shock_abs_delta_ge_0.5,8,0.5841626452105978,0.7147650788001747,0.7858268693779457,2.3745,1.790337354789402,3.0943750000000003,4.97
EC holdout,shock_abs_delta_ge_1.0,5,0.6839696808922159,0.839891471261072,-1.1018595165221217,3.3752000000000004,2.6912303191077847,4.212000000000001,4.97
