evaluation,regime,n,mae,rmse,r2,naive_mae,gain_vs_naive,mean_true,max_true
EC holdout,all,40,0.20045738669280128,0.38018609137659803,0.9190163403444767,0.5569225,0.3564651133071987,0.9996824999999999,4.97
EC holdout,low_ec_true_lt_1,32,0.09185341870451748,0.14854764016741506,0.4069276887732327,0.137309375,0.04545595629548253,0.382040625,0.968
EC holdout,high_ec_true_ge_1,8,0.6348732586459364,0.7965184961969456,0.4462194356024748,2.235375,1.6005017413540634,3.47025,4.97
EC holdout,very_high_ec_true_ge_2,7,0.6677739605067082,0.8376717880950588,0.23976812072548948,2.442285714285714,1.7745117537790058,3.6900000000000004,4.97
EC holdout,shock_abs_delta_ge_0.5,8,0.6860283488212043,0.8222243054857328,0.7165875306327485,2.3745,1.6884716511787956,3.0943750000000003,4.97
EC holdout,shock_abs_delta_ge_1.0,5,0.8218258091666371,0.9748349110616144,-1.8315190688897602,3.3752000000000004,2.553374190833363,4.212000000000001,4.97
